﻿<mockup version="4.5" minAllowVersion="4.5" ID="D2F59DCF-A60E-4954-B930-91FC2D5606CD" platform="MtMobile" defaultW="375" defaultH="667" screenOrientation="MoPortrait" mobileScreenScale="1.77777779102325" measureW="375" measureH="667">
  <controls controlCount="9">
    <control controlID="C9FC525C-7F44-448C-B66A-00668E1C5DCC" controlTypeID="Master" isShow="True" caption="%E6%AF%8D%E7%89%88" x="0" y="0" w="375" h="667" measuredW="0" measuredH="0" zOrder="0" locked="False" sizeLocked="False" masterID="0E08654F-7F70-4243-AFF0-4C35782E3610">
      <controlProperties>
        <basic color="4294967295" borderVisible="True" borderColor="4284900966" isAutoSize="False" status="MsEnabled" opacity="1" isCommentCom="False" canMove="True" alias="" rotation="0"/>
        <states/>
        <verticalScrollbarShow>False</verticalScrollbarShow>
        <verticalScrollbarProgress>0</verticalScrollbarProgress>
        <horizontalScrollbarShow>False</horizontalScrollbarShow>
        <horizontalScrollbarProgress>0</horizontalScrollbarProgress>
        <links eventType="AtClick" animate="AmNone" animateAutoDelay="0" animateDuration="500">
          <link targetPageID="" linkType="ltPageLink" isApplyIncludePage="False" title="%E9%93%BE%E6%8E%A5">
            <area shape="0" alt="" ID="{FBC068B0-F6DE-4671-99C5-3F6AE11F760A}" coords="(0,0,375,667)"/>
          </link>
        </links>
        <interactiveData>
          <entry title="">
            <area shape="0" alt="" ID="{E08D186E-FA9F-453F-BA08-907DF562C502}" coords="(0,0,375,667)"/>
            <events title=""/>
          </entry>
        </interactiveData>
        <groupChildrenDescriptors>
          <control controlID="21936B3D-BD12-498F-9CE8-1DECFC6361A4" controlTypeID="StatusBar(IOS)" isShow="True" caption="%E7%8A%B6%E6%80%81%E6%A0%8F(%E8%8B%B9%E6%9E%9C)" x="0" y="0" w="375" h="20" measuredW="342" measuredH="20" zOrder="0" locked="False" sizeLocked="False">
            <controlProperties>
              <basic color="4278190080" borderVisible="True" borderColor="4284900966" isAutoSize="False" status="MsEnabled" opacity="1" isCommentCom="False" canMove="True" alias="" rotation="0"/>
              <states/>
              <verticalScrollbarShow>False</verticalScrollbarShow>
              <verticalScrollbarProgress>0</verticalScrollbarProgress>
              <horizontalScrollbarShow>False</horizontalScrollbarShow>
              <horizontalScrollbarProgress>0</horizontalScrollbarProgress>
              <links eventType="AtClick" animate="AmNone" animateAutoDelay="0" animateDuration="500">
                <link targetPageID="" linkType="ltPageLink" isApplyIncludePage="False" title="%E9%93%BE%E6%8E%A5">
                  <area shape="0" alt="" ID="{050FCA73-00A9-4F53-92CB-94B1967ED4CE}" coords="(0,0,375,20)"/>
                </link>
              </links>
              <interactiveData>
                <entry title="">
                  <area shape="0" alt="" ID="{FE98073B-EA08-46FD-886F-FE7112BAA0F9}" coords="(0,0,375,20)"/>
                  <events title=""/>
                </entry>
              </interactiveData>
              <ForegroundColor>4294967295</ForegroundColor>
              <IsAutoTextColor>True</IsAutoTextColor>
            </controlProperties>
          </control>
          <control controlID="696845DB-188B-4953-A2FD-1DCFD4087D5F" controlTypeID="NavigationBar" isShow="True" caption="%E5%AF%BC%E8%88%AA%E6%A0%8F" x="0" y="617" w="375" h="50" measuredW="342" measuredH="46" zOrder="1" locked="False" sizeLocked="False">
            <controlProperties>
              <basic color="4278190080" borderVisible="True" borderColor="4284900966" isAutoSize="False" status="MsEnabled" opacity="1" isCommentCom="False" canMove="True" alias="" rotation="0"/>
              <states/>
              <verticalScrollbarShow>False</verticalScrollbarShow>
              <verticalScrollbarProgress>0</verticalScrollbarProgress>
              <horizontalScrollbarShow>False</horizontalScrollbarShow>
              <horizontalScrollbarProgress>0</horizontalScrollbarProgress>
              <links eventType="AtClick" animate="AmNone" animateAutoDelay="0" animateDuration="500">
                <link targetPageID="" linkType="ltPageLink" isApplyIncludePage="False" title="%E9%93%BE%E6%8E%A5">
                  <area shape="0" alt="" ID="{9642044B-B3BC-44AB-8241-66E5A46F3F1A}" coords="(0,0,375,50)"/>
                </link>
              </links>
              <interactiveData>
                <entry title="">
                  <area shape="0" alt="" ID="{33F7C9E9-6D41-44C0-85D7-4BB245D51494}" coords="(0,0,375,50)"/>
                  <events title=""/>
                </entry>
              </interactiveData>
              <ForegroundColor>4294967295</ForegroundColor>
              <IsAutoTextColor>True</IsAutoTextColor>
            </controlProperties>
          </control>
        </groupChildrenDescriptors>
      </controlProperties>
    </control>
    <control controlID="3EA5F087-CA82-4093-8769-7671C30A0424" controlTypeID="Top ActionBar" isShow="True" caption="%E9%A1%B6%E9%83%A8%E6%93%8D%E4%BD%9C%E6%A0%8F" x="0" y="20" w="375" h="48" measuredW="342" measuredH="48" zOrder="1" locked="False" sizeLocked="False">
      <controlProperties>
        <basic color="4294967295" borderVisible="True" borderColor="4284900966" isAutoSize="False" status="MsEnabled" opacity="1" isCommentCom="False" canMove="True" alias="" rotation="0"/>
        <states/>
        <verticalScrollbarShow>False</verticalScrollbarShow>
        <verticalScrollbarProgress>0</verticalScrollbarProgress>
        <horizontalScrollbarShow>False</horizontalScrollbarShow>
        <horizontalScrollbarProgress>0</horizontalScrollbarProgress>
        <links eventType="AtClick" animate="AmNone" animateAutoDelay="0" animateDuration="500">
          <link targetPageID="F61B23BD-D363-4D4B-83A0-E918070F0852" linkType="ltPageLink" isApplyIncludePage="False" title="%E9%A6%96%E9%A1%B5">
            <area shape="0" alt="" ID="{77F07655-C3CB-4190-88D6-27983305F969}" coords="(2,4,42,44)"/>
          </link>
          <link targetPageID="" linkType="ltPageLink" isApplyIncludePage="False" title="%E8%8F%9C%E5%8D%95">
            <area shape="0" alt="" ID="{0946049B-5D14-491D-B461-BB7BD886DCDE}" coords="(328,4,368,44)"/>
          </link>
        </links>
        <interactiveData>
          <entry title="%E8%BF%94%E5%9B%9E">
            <area shape="0" alt="" ID="{047AC890-79A3-4692-A915-2EF5AA6B12DA}" coords="(2,4,42,44)"/>
            <events title=""/>
          </entry>
          <entry title="%E8%8F%9C%E5%8D%95">
            <area shape="0" alt="" ID="{0BF747CB-58F9-441B-AEE8-5C8496A377B8}" coords="(328,4,368,44)"/>
            <events title="">
              <event eventType="atClick" isChecked="True">
                <behaviour title="" isChecked="True" isWait="False" isLoop="False" execMode="emParallel">
                  <target targetID="D695C602-1B43-4FB2-B2D9-F32A7688604E" isChecked="True" isAutoRecovery="False" isLoop="False" execMode="emSequence">
                    <command name="Popup State Change" isChecked="True" descrition="">
                      <param name="AniInterpolation" value="0" varType="3" description=""/>
                      <param name="AniDuration" value="200" varType="3" description=""/>
                      <param name="AniAutoReverse" value="False" varType="11" description=""/>
                      <param name="AniLoop" value="False" varType="11" description=""/>
                      <param name="AniInterpolationTypeOut" value="False" varType="11" description=""/>
                      <param name="Delay" value="0" varType="3" description=""/>
                      <param name="Value" value="2" varType="3" description=""/>
                      <param name="AniType" value="0" varType="3" description=""/>
                    </command>
                  </target>
                </behaviour>
              </event>
            </events>
          </entry>
        </interactiveData>
        <textSet textColor="4278190080" textSize="14" lineSpacingMultiple="1" textAlign="HaLeft" textVAlign="VaTop" textWordWrap="True" lineSpacing="18" textStyles="[]" useDefaultTextSize="True">
          <font family="%E5%BE%AE%E8%BD%AF%E9%9B%85%E9%BB%91" displayName="%E5%BE%AE%E8%BD%AF%E9%9B%85%E9%BB%91" postScript="" weightStyle="Regular" weight="400" isBold="False" isItalic="False"/>
          <text>%E8%AE%BE%E7%BD%AE</text>
        </textSet>
        <selectedIndex>0</selectedIndex>
        <selectedColor>4282501083</selectedColor>
        <textPadding>0</textPadding>
        <showMenu>True</showMenu>
        <showBack>True</showBack>
        <iconColor>4278190080</iconColor>
      </controlProperties>
    </control>
    <control controlID="1BFB2181-2DE0-4125-A1F3-62C8B6CCBFEC" controlTypeID="TableView" isShow="True" caption="%E5%88%97%E8%A1%A8%E8%A7%86%E5%9B%BE" x="0" y="68" w="375" h="322" measuredW="342" measuredH="437" zOrder="2" locked="False" sizeLocked="False">
      <controlProperties>
        <basic color="4294967295" borderVisible="True" borderColor="4284900966" isAutoSize="False" status="MsEnabled" opacity="1" isCommentCom="False" canMove="True" alias="" rotation="0"/>
        <states/>
        <verticalScrollbarShow>False</verticalScrollbarShow>
        <verticalScrollbarProgress>0</verticalScrollbarProgress>
        <horizontalScrollbarShow>False</horizontalScrollbarShow>
        <horizontalScrollbarProgress>0</horizontalScrollbarProgress>
        <links eventType="AtClick" animate="AmFade" animateAutoDelay="0" animateDuration="500">
          <link targetPageID="" linkType="ltPageLink" isApplyIncludePage="False" title="%E6%AF%8F%E6%97%A5%E9%80%9A%E7%9F%A5+-%3E">
            <area shape="0" alt="" ID="{60FD5652-C5FD-4D15-89B2-44AEEB3D9688}" coords="(1,1,374,53)"/>
          </link>
          <link targetPageID="" linkType="ltPageLink" isApplyIncludePage="False" title="%E4%B8%BB%E9%A2%98+-%3E">
            <area shape="0" alt="" ID="{6FA2BF4D-93B7-42BE-BC92-68489AA1679B}" coords="(1,53,374,105)"/>
          </link>
          <link targetPageID="" linkType="ltPageLink" isApplyIncludePage="False" title="%E5%AD%97%E4%BD%93+-%3E">
            <area shape="0" alt="" ID="{569EEFD3-82CB-4DF1-B769-A7B4EB302EA3}" coords="(1,105,374,157)"/>
          </link>
          <link targetPageID="" linkType="ltPageLink" isApplyIncludePage="False" title="%E8%AF%AD%E8%A8%80+-%3E">
            <area shape="0" alt="" ID="{1B8AC1FF-B3D6-4E53-A810-1BFE6BC208F7}" coords="(1,157,374,209)"/>
          </link>
          <link targetPageID="D573AE8B-2129-4C64-8C1A-116FA4BC04A9" linkType="ltPageLink" isApplyIncludePage="False" title="%E7%99%BB%E9%99%86">
            <area shape="0" alt="" ID="{1A64E9CB-E6B5-4A91-AFB1-C855F9EAAE6B}" coords="(1,209,374,261)"/>
          </link>
          <link targetPageID="" linkType="ltPageLink" isApplyIncludePage="False" title="%E5%85%B3%E4%BA%8E+-%3E">
            <area shape="0" alt="" ID="{579E4F3E-2AAB-4D09-AF16-8FD1D364B16F}" coords="(1,261,374,313)"/>
          </link>
        </links>
        <interactiveData>
          <entry title="%E6%AF%8F%E6%97%A5%E9%80%9A%E7%9F%A5+-%3E">
            <area shape="0" alt="" ID="{0A630AC1-73C8-4822-BB72-96E77EFF39F4}" coords="(1,1,374,53)"/>
            <events title=""/>
          </entry>
          <entry title="%E4%B8%BB%E9%A2%98+-%3E">
            <area shape="0" alt="" ID="{2C36C1BF-54A7-484D-AFA6-3EE615150A8E}" coords="(1,53,374,105)"/>
            <events title=""/>
          </entry>
          <entry title="%E5%AD%97%E4%BD%93+-%3E">
            <area shape="0" alt="" ID="{D138FA84-8302-4FA0-8DEB-4BB0756D4C15}" coords="(1,105,374,157)"/>
            <events title=""/>
          </entry>
          <entry title="%E8%AF%AD%E8%A8%80+-%3E">
            <area shape="0" alt="" ID="{171F5354-34D0-495D-970E-8E76A2F5988E}" coords="(1,157,374,209)"/>
            <events title=""/>
          </entry>
          <entry title="%E7%99%BB%E5%BD%95%2F%E5%88%87%E6%8D%A2%E7%94%A8%E6%88%B7+-%3E">
            <area shape="0" alt="" ID="{DB3D4374-C4FE-4EE8-8A49-92400D23771E}" coords="(1,209,374,261)"/>
            <events title=""/>
          </entry>
          <entry title="%E5%85%B3%E4%BA%8E+-%3E">
            <area shape="0" alt="" ID="{82B8B1B1-EF69-4FB1-ADD4-8B78F4862413}" coords="(1,261,374,313)"/>
            <events title=""/>
          </entry>
        </interactiveData>
        <textSet textColor="4278190080" textSize="14" lineSpacingMultiple="1" textAlign="HaLeft" textVAlign="VaTop" textWordWrap="True" lineSpacing="18" textStyles="[]" useDefaultTextSize="True">
          <font family="%E5%BE%AE%E8%BD%AF%E9%9B%85%E9%BB%91" displayName="%E5%BE%AE%E8%BD%AF%E9%9B%85%E9%BB%91" postScript="" weightStyle="Regular" weight="400" isBold="False" isItalic="False"/>
          <text>%E6%AF%8F%E6%97%A5%E9%80%9A%E7%9F%A5+-%3E%0D%0A%E4%B8%BB%E9%A2%98+-%3E%0D%0A%E5%AD%97%E4%BD%93+-%3E%0D%0A%E8%AF%AD%E8%A8%80+-%3E%0D%0A%E7%99%BB%E5%BD%95%2F%E5%88%87%E6%8D%A2%E7%94%A8%E6%88%B7+-%3E%0D%0A%E5%85%B3%E4%BA%8E+-%3E%0D%0A</text>
        </textSet>
        <selectedIndex>0</selectedIndex>
        <selectedColor>4294111986</selectedColor>
        <textPadding>0</textPadding>
        <borderStyle>True</borderStyle>
        <itemHeight>52</itemHeight>
        <iconSize>24</iconSize>
        <separatorColor>4288256409</separatorColor>
        <showSeparator>True</showSeparator>
        <iconColor>4284900966</iconColor>
      </controlProperties>
    </control>
    <control controlID="D695C602-1B43-4FB2-B2D9-F32A7688604E" controlTypeID="PopupMenu" isShow="True" caption="%E5%BC%B9%E5%87%BA%E8%8F%9C%E5%8D%95" x="329" y="571" w="46" h="46" measuredW="0" measuredH="0" zOrder="3" locked="False" sizeLocked="False">
      <controlProperties isBackgroundFade="False" aniType_Mobile="aniNone" aniType="dnNone" closeByClickMode="cmClickAllArea" closeByKeyModes="[kmEsc,kmEnter]" isShowBackground="False" delayBeforePopup="0" aniDuration="200" positionPolicy="ppFree" positionMargin="0" positionScreenMode="psCenter" positionComMode="pcBottom">
        <basic color="1879048192" borderVisible="False" borderColor="4284900966" isAutoSize="False" status="MsEnabled" opacity="1" isCommentCom="False" canMove="True" alias="" rotation="0"/>
        <states/>
        <verticalScrollbarShow>False</verticalScrollbarShow>
        <verticalScrollbarProgress>0</verticalScrollbarProgress>
        <horizontalScrollbarShow>False</horizontalScrollbarShow>
        <horizontalScrollbarProgress>0</horizontalScrollbarProgress>
        <links eventType="AtClick" animate="AmPushUp" animateAutoDelay="0" animateDuration="500">
          <link targetPageID="" linkType="ltPageLink" isApplyIncludePage="False" title="%E9%93%BE%E6%8E%A5">
            <area shape="0" alt="" ID="{9C204139-E56B-4081-A900-2B4795A9EAD6}" coords="(0,0,46,46)"/>
          </link>
        </links>
        <interactiveData>
          <entry title="">
            <area shape="0" alt="" ID="{4B1964BC-520B-4A66-80CC-035724A67808}" coords="(0,0,46,46)"/>
            <events title=""/>
          </entry>
        </interactiveData>
        <groupChildrenDescriptors>
          <control controlID="1AC0D14D-BDBA-48E9-8B6B-AA6006C60630" controlTypeID="Panel" isShow="True" caption="%E9%9D%A2%E6%9D%BF" x="0" y="0" w="375" h="667" measuredW="0" measuredH="0" zOrder="0" locked="True" sizeLocked="False">
            <controlProperties>
              <basic color="1879048192" borderVisible="False" borderColor="4284900966" isAutoSize="False" status="MsEnabled" opacity="1" isCommentCom="False" canMove="False" alias="background" rotation="0"/>
              <states/>
              <verticalScrollbarShow>False</verticalScrollbarShow>
              <verticalScrollbarProgress>0</verticalScrollbarProgress>
              <horizontalScrollbarShow>False</horizontalScrollbarShow>
              <horizontalScrollbarProgress>0</horizontalScrollbarProgress>
              <links eventType="AtClick" animate="AmPushUp" animateAutoDelay="0" animateDuration="500">
                <link targetPageID="" linkType="ltPageLink" isApplyIncludePage="False" title="%E9%93%BE%E6%8E%A5">
                  <area shape="0" alt="" ID="{D3FC45C3-F688-434E-B7AC-50F310A668F0}" coords="(0,0,375,667)"/>
                </link>
              </links>
              <interactiveData>
                <entry title="">
                  <area shape="0" alt="" ID="{0F87CC49-F5F2-479D-A18C-FC392C3E9F5D}" coords="(0,0,375,667)"/>
                  <events title=""/>
                </entry>
              </interactiveData>
              <groupChildrenDescriptors>
                <control controlID="54E59119-6600-4DF0-9E33-0BFE0D24F77E" controlTypeID="Border" isShow="True" caption="Border" x="0" y="0" w="375" h="667" measuredW="0" measuredH="0" zOrder="0" locked="True" sizeLocked="False">
                  <controlProperties>
                    <basic color="4294967295" borderVisible="False" borderColor="4284900966" isAutoSize="False" status="MsEnabled" opacity="1" isCommentCom="False" canMove="True" alias="borderLayer" rotation="0"/>
                    <states/>
                    <verticalScrollbarShow>False</verticalScrollbarShow>
                    <verticalScrollbarProgress>0</verticalScrollbarProgress>
                    <horizontalScrollbarShow>False</horizontalScrollbarShow>
                    <horizontalScrollbarProgress>0</horizontalScrollbarProgress>
                    <links eventType="AtClick" animate="AmPushUp" animateAutoDelay="0" animateDuration="500">
                      <link targetPageID="" linkType="ltPageLink" isApplyIncludePage="False" title="%E9%93%BE%E6%8E%A5">
                        <area shape="0" alt="" ID="{D15D0F30-8B95-4092-BE6D-F3555D963B55}" coords="(0,0,375,667)"/>
                      </link>
                    </links>
                    <interactiveData>
                      <entry title="">
                        <area shape="0" alt="" ID="{5138B8C2-2854-462D-8B07-421DAB1DB51A}" coords="(0,0,375,667)"/>
                        <events title=""/>
                      </entry>
                    </interactiveData>
                    <thickness>1</thickness>
                    <dashMode>SdSolid</dashMode>
                  </controlProperties>
                </control>
              </groupChildrenDescriptors>
              <thinkness>1</thinkness>
              <dashMode>SdSolid</dashMode>
            </controlProperties>
          </control>
          <control controlID="2DD75D7A-F155-4B2F-8656-C075671832BB" controlTypeID="List" isShow="True" caption="%E5%88%97%E8%A1%A8" x="301" y="69" w="74" h="132" measuredW="168" measuredH="252" zOrder="1" locked="False" sizeLocked="False">
            <controlProperties>
              <basic color="4293980400" borderVisible="True" borderColor="4284900966" isAutoSize="False" status="MsEnabled" opacity="1" isCommentCom="False" canMove="True" alias="content" rotation="0"/>
              <states/>
              <verticalScrollbarShow>False</verticalScrollbarShow>
              <verticalScrollbarProgress>0</verticalScrollbarProgress>
              <horizontalScrollbarShow>False</horizontalScrollbarShow>
              <horizontalScrollbarProgress>0</horizontalScrollbarProgress>
              <links eventType="AtClick" animate="AmPushUp" animateAutoDelay="0" animateDuration="500">
                <link targetPageID="D573AE8B-2129-4C64-8C1A-116FA4BC04A9" linkType="ltPageLink" isApplyIncludePage="False" title="%E7%99%BB%E9%99%86">
                  <area shape="0" alt="" ID="{3ACBDFC5-6D5B-4898-99B3-3D14CBC0F1A1}" coords="(1,1,73,45)"/>
                </link>
                <link targetPageID="627A7821-8578-4BAD-ADEB-DDF518B97196" linkType="ltPageLink" isApplyIncludePage="False" title="%E6%B3%A8%E5%86%8C">
                  <area shape="0" alt="" ID="{B75D694F-E8C8-49AD-90A9-B034F98AB1DC}" coords="(1,45,73,89)"/>
                </link>
                <link targetPageID="D2F59DCF-A60E-4954-B930-91FC2D5606CD" linkType="ltPageLink" isApplyIncludePage="False" title="%E8%AE%BE%E7%BD%AE">
                  <area shape="0" alt="" ID="{7AEE5885-B4E8-485D-B465-71D6E71897AF}" coords="(1,89,73,132)"/>
                </link>
              </links>
              <interactiveData>
                <entry title="%E7%99%BB%E9%99%86">
                  <area shape="0" alt="" ID="{38438C5C-B805-4CB8-B36C-BE25FF99D45A}" coords="(1,1,73,45)"/>
                  <events title=""/>
                </entry>
                <entry title="%E6%B3%A8%E5%86%8C">
                  <area shape="0" alt="" ID="{4057CFCF-EB51-4226-A85A-5AD8D993A141}" coords="(1,45,73,89)"/>
                  <events title=""/>
                </entry>
                <entry title="%E8%AE%BE%E7%BD%AE">
                  <area shape="0" alt="" ID="{27C6A37E-8C9B-4591-8179-693B64C51B61}" coords="(1,89,73,132)"/>
                  <events title=""/>
                </entry>
              </interactiveData>
              <textSet textColor="4278190080" textSize="14" lineSpacingMultiple="1" textAlign="HaCenter" textVAlign="VaTop" textWordWrap="True" lineSpacing="18" textStyles="[]" useDefaultTextSize="True">
                <font family="%E5%BE%AE%E8%BD%AF%E9%9B%85%E9%BB%91" displayName="%E5%BE%AE%E8%BD%AF%E9%9B%85%E9%BB%91" postScript="" weightStyle="Regular" weight="400" isBold="False" isItalic="False"/>
                <text>%E7%99%BB%E9%99%86%0D%0A%E6%B3%A8%E5%86%8C%0D%0A%E8%AE%BE%E7%BD%AE</text>
              </textSet>
              <selectedIndex>0</selectedIndex>
              <selectedColor>268435455</selectedColor>
              <textPadding>10</textPadding>
              <itemHeight>44</itemHeight>
              <isInterlace>False</isInterlace>
              <interlaceColor>4293848814</interlaceColor>
              <separatorColor>4284900966</separatorColor>
              <showSeparator>False</showSeparator>
            </controlProperties>
          </control>
        </groupChildrenDescriptors>
      </controlProperties>
    </control>
  </controls>
  <param>
    <backgroundColor>4292730333</backgroundColor>
    <fontSize>0</fontSize>
    <fontFamily/>
    <guideLines/>
  </param>
</mockup>