﻿<mockup version="4.5" minAllowVersion="4.5" ID="F572292E-05CB-48C4-807B-456FD3019165" platform="MtMobile" defaultW="375" defaultH="667" screenOrientation="MoPortrait" mobileScreenScale="1.77777779102325" measureW="375" measureH="667" clipArea="(0,0,0,0)">
  <controls controlCount="19">
    <control controlID="277F84CE-BA93-4C54-A73A-887728050B67" controlTypeID="Master" isShow="True" caption="%E6%AF%8D%E7%89%88" x="0" y="0" w="375" h="667" measuredW="0" measuredH="0" zOrder="0" locked="False" sizeLocked="False" masterID="0E08654F-7F70-4243-AFF0-4C35782E3610">
      <controlProperties>
        <basic color="4294967295" borderVisible="True" borderColor="4284900966" isAutoSize="False" status="MsEnabled" opacity="1" isCommentCom="False" canMove="True" alias="" rotation="0"/>
        <states/>
        <verticalScrollbarShow>False</verticalScrollbarShow>
        <verticalScrollbarProgress>0</verticalScrollbarProgress>
        <horizontalScrollbarShow>False</horizontalScrollbarShow>
        <horizontalScrollbarProgress>0</horizontalScrollbarProgress>
        <links eventType="AtClick" animate="AmNone" animateAutoDelay="0" animateDuration="500">
          <link targetPageID="" linkType="ltPageLink" isApplyIncludePage="False" title="%E9%93%BE%E6%8E%A5">
            <area shape="0" alt="" ID="{FBC068B0-F6DE-4671-99C5-3F6AE11F760A}" coords="(0,0,375,667)"/>
          </link>
        </links>
        <interactiveData>
          <entry title="">
            <area shape="0" alt="" ID="{E08D186E-FA9F-453F-BA08-907DF562C502}" coords="(0,0,375,667)"/>
            <events title=""/>
          </entry>
        </interactiveData>
        <groupChildrenDescriptors>
          <control controlID="E5CB2CB2-8BFA-4EF6-84BE-70AE954CBD76" controlTypeID="StatusBar(IOS)" isShow="True" caption="%E7%8A%B6%E6%80%81%E6%A0%8F(%E8%8B%B9%E6%9E%9C)" x="0" y="0" w="375" h="20" measuredW="342" measuredH="20" zOrder="0" locked="False" sizeLocked="False">
            <controlProperties>
              <basic color="4278190080" borderVisible="True" borderColor="4284900966" isAutoSize="False" status="MsEnabled" opacity="1" isCommentCom="False" canMove="True" alias="" rotation="0"/>
              <states/>
              <verticalScrollbarShow>False</verticalScrollbarShow>
              <verticalScrollbarProgress>0</verticalScrollbarProgress>
              <horizontalScrollbarShow>False</horizontalScrollbarShow>
              <horizontalScrollbarProgress>0</horizontalScrollbarProgress>
              <links eventType="AtClick" animate="AmNone" animateAutoDelay="0" animateDuration="500">
                <link targetPageID="" linkType="ltPageLink" isApplyIncludePage="False" title="%E9%93%BE%E6%8E%A5">
                  <area shape="0" alt="" ID="{050FCA73-00A9-4F53-92CB-94B1967ED4CE}" coords="(0,0,375,20)"/>
                </link>
              </links>
              <interactiveData>
                <entry title="">
                  <area shape="0" alt="" ID="{FE98073B-EA08-46FD-886F-FE7112BAA0F9}" coords="(0,0,375,20)"/>
                  <events title=""/>
                </entry>
              </interactiveData>
              <ForegroundColor>4294967295</ForegroundColor>
              <IsAutoTextColor>True</IsAutoTextColor>
            </controlProperties>
          </control>
          <control controlID="8F8B8068-DF6D-4FE6-B21B-E0869A0F15DC" controlTypeID="NavigationBar" isShow="True" caption="%E5%AF%BC%E8%88%AA%E6%A0%8F" x="0" y="617" w="375" h="50" measuredW="342" measuredH="46" zOrder="1" locked="False" sizeLocked="False">
            <controlProperties>
              <basic color="4278190080" borderVisible="True" borderColor="4284900966" isAutoSize="False" status="MsEnabled" opacity="1" isCommentCom="False" canMove="True" alias="" rotation="0"/>
              <states/>
              <verticalScrollbarShow>False</verticalScrollbarShow>
              <verticalScrollbarProgress>0</verticalScrollbarProgress>
              <horizontalScrollbarShow>False</horizontalScrollbarShow>
              <horizontalScrollbarProgress>0</horizontalScrollbarProgress>
              <links eventType="AtClick" animate="AmNone" animateAutoDelay="0" animateDuration="500">
                <link targetPageID="" linkType="ltPageLink" isApplyIncludePage="False" title="%E9%93%BE%E6%8E%A5">
                  <area shape="0" alt="" ID="{9642044B-B3BC-44AB-8241-66E5A46F3F1A}" coords="(0,0,375,50)"/>
                </link>
              </links>
              <interactiveData>
                <entry title="">
                  <area shape="0" alt="" ID="{33F7C9E9-6D41-44C0-85D7-4BB245D51494}" coords="(0,0,375,50)"/>
                  <events title=""/>
                </entry>
              </interactiveData>
              <ForegroundColor>4294967295</ForegroundColor>
              <IsAutoTextColor>True</IsAutoTextColor>
            </controlProperties>
          </control>
        </groupChildrenDescriptors>
      </controlProperties>
    </control>
    <control controlID="D2EDF313-EDC1-462D-8936-8C49AB4F7E7D" controlTypeID="Top ActionBar" isShow="True" caption="%E9%A1%B6%E9%83%A8%E6%93%8D%E4%BD%9C%E6%A0%8F" x="0" y="20" w="375" h="48" measuredW="342" measuredH="48" zOrder="1" locked="False" sizeLocked="False">
      <controlProperties>
        <basic color="4294967295" borderVisible="True" borderColor="4284900966" isAutoSize="False" status="MsEnabled" opacity="1" isCommentCom="False" canMove="True" alias="" rotation="0"/>
        <states/>
        <verticalScrollbarShow>False</verticalScrollbarShow>
        <verticalScrollbarProgress>0</verticalScrollbarProgress>
        <horizontalScrollbarShow>False</horizontalScrollbarShow>
        <horizontalScrollbarProgress>0</horizontalScrollbarProgress>
        <links eventType="AtClick" animate="AmNone" animateAutoDelay="0" animateDuration="500">
          <link targetPageID="F61B23BD-D363-4D4B-83A0-E918070F0852" linkType="ltPageLink" isApplyIncludePage="False" title="%E9%A6%96%E9%A1%B5">
            <area shape="0" alt="" ID="{77F07655-C3CB-4190-88D6-27983305F969}" coords="(2,4,42,44)"/>
          </link>
          <link targetPageID="" linkType="ltPageLink" isApplyIncludePage="False" title="%E8%8F%9C%E5%8D%95">
            <area shape="0" alt="" ID="{0946049B-5D14-491D-B461-BB7BD886DCDE}" coords="(328,4,368,44)"/>
          </link>
        </links>
        <interactiveData>
          <entry title="%E8%BF%94%E5%9B%9E">
            <area shape="0" alt="" ID="{047AC890-79A3-4692-A915-2EF5AA6B12DA}" coords="(2,4,42,44)"/>
            <events title=""/>
          </entry>
          <entry title="%E8%8F%9C%E5%8D%95">
            <area shape="0" alt="" ID="{0BF747CB-58F9-441B-AEE8-5C8496A377B8}" coords="(328,4,368,44)"/>
            <events title="">
              <event eventType="atClick" isChecked="True">
                <behaviour title="" isChecked="True" isWait="False" isLoop="False" execMode="emParallel">
                  <target targetID="C3B81936-1F41-4A1F-BCC2-17CFDED8CFB4" isChecked="True" isAutoRecovery="False" isLoop="False" execMode="emSequence">
                    <command name="Popup State Change" isChecked="True" descrition="">
                      <param name="AniInterpolation" value="0" varType="3" description=""/>
                      <param name="AniDuration" value="200" varType="3" description=""/>
                      <param name="AniAutoReverse" value="False" varType="11" description=""/>
                      <param name="AniLoop" value="False" varType="11" description=""/>
                      <param name="AniInterpolationTypeOut" value="False" varType="11" description=""/>
                      <param name="Delay" value="0" varType="3" description=""/>
                      <param name="Value" value="2" varType="3" description=""/>
                      <param name="AniType" value="0" varType="3" description=""/>
                    </command>
                  </target>
                </behaviour>
              </event>
            </events>
          </entry>
        </interactiveData>
        <textSet textColor="4278190080" textSize="14" lineSpacingMultiple="1" textAlign="HaLeft" textVAlign="VaTop" textWordWrap="True" lineSpacing="18" textStyles="[]" useDefaultTextSize="True">
          <font family="%E5%BE%AE%E8%BD%AF%E9%9B%85%E9%BB%91" displayName="%E5%BE%AE%E8%BD%AF%E9%9B%85%E9%BB%91" postScript="" weightStyle="Regular" weight="400" isBold="False" isItalic="False"/>
          <text>%E9%A5%AE%E9%A3%9F%E6%8E%A8%E8%8D%90</text>
        </textSet>
        <selectedIndex>0</selectedIndex>
        <selectedColor>4282501083</selectedColor>
        <textPadding>0</textPadding>
        <showMenu>True</showMenu>
        <showBack>True</showBack>
        <iconColor>4278190080</iconColor>
      </controlProperties>
    </control>
    <control controlID="1FE83E31-14AD-4F3E-A504-F613E70E309B" controlTypeID="MenuBar" isShow="True" caption="%E8%8F%9C%E5%8D%95%E6%A0%8F" x="0" y="66" w="375" h="50" measuredW="255" measuredH="36" zOrder="2" locked="False" sizeLocked="False">
      <controlProperties>
        <basic color="4294967295" borderVisible="False" borderColor="4284900966" isAutoSize="False" status="MsEnabled" opacity="1" isCommentCom="False" canMove="True" alias="" rotation="0"/>
        <states/>
        <verticalScrollbarShow>False</verticalScrollbarShow>
        <verticalScrollbarProgress>0</verticalScrollbarProgress>
        <horizontalScrollbarShow>False</horizontalScrollbarShow>
        <horizontalScrollbarProgress>0</horizontalScrollbarProgress>
        <links eventType="AtClick" animate="AmFade" animateAutoDelay="0" animateDuration="500">
          <link targetPageID="" linkType="ltPageLink" isApplyIncludePage="False" title="%E6%97%A9%E9%A4%90">
            <area shape="0" alt="" ID="{DED27E88-8E0F-4354-B398-9FAC5F00E225}" coords="(0,0,62,50)"/>
          </link>
          <link targetPageID="" linkType="ltPageLink" isApplyIncludePage="False" title="%E5%8D%88%E9%A4%90">
            <area shape="0" alt="" ID="{BA203C1B-B841-443E-A47C-029A5AD9CCCF}" coords="(62,0,124,50)"/>
          </link>
          <link targetPageID="" linkType="ltPageLink" isApplyIncludePage="False" title="%E6%99%9A%E9%A4%90">
            <area shape="0" alt="" ID="{B32FEB3E-237E-4FF4-B97C-FECBFD9A696C}" coords="(124,0,186,50)"/>
          </link>
          <link targetPageID="" linkType="ltPageLink" isApplyIncludePage="False" title="%E5%8A%A0%E9%A4%90">
            <area shape="0" alt="" ID="{BC06223F-8467-49C5-81D6-233ACE1AA55E}" coords="(186,0,248,50)"/>
          </link>
        </links>
        <interactiveData>
          <entry title="%E6%97%A9%E9%A4%90">
            <area shape="0" alt="" ID="{F1BEA385-A6F9-4FA4-B744-577C46DAFDB5}" coords="(0,0,62,50)"/>
            <events title="">
              <event eventType="atClick" isChecked="True">
                <behaviour title="" isChecked="True" isWait="False" isLoop="False" execMode="emParallel">
                  <target targetID="D9A57B45-1680-4EF7-B14C-9C140F4BE260" isChecked="True" isAutoRecovery="False" isLoop="False" execMode="emSequence">
                    <command name="Switch Stack Panel" isChecked="True" descrition="">
                      <param name="AniInterpolation" value="0" varType="3" description=""/>
                      <param name="AniDuration" value="200" varType="3" description=""/>
                      <param name="AniAutoReverse" value="False" varType="11" description=""/>
                      <param name="AniLoop" value="False" varType="11" description=""/>
                      <param name="AniInterpolationTypeOut" value="False" varType="11" description=""/>
                      <param name="Delay" value="0" varType="3" description=""/>
                      <param name="SelecedIndex" value="0" varType="3" description=""/>
                    </command>
                  </target>
                </behaviour>
              </event>
            </events>
          </entry>
          <entry title="%E5%8D%88%E9%A4%90">
            <area shape="0" alt="" ID="{13C9DC4B-D44E-4622-9084-E115FD99C2C9}" coords="(62,0,124,50)"/>
            <events title="">
              <event eventType="atClick" isChecked="True">
                <behaviour title="" isChecked="True" isWait="False" isLoop="False" execMode="emParallel">
                  <target targetID="D9A57B45-1680-4EF7-B14C-9C140F4BE260" isChecked="True" isAutoRecovery="False" isLoop="False" execMode="emSequence">
                    <command name="Switch Stack Panel" isChecked="True" descrition="">
                      <param name="AniInterpolation" value="0" varType="3" description=""/>
                      <param name="AniDuration" value="200" varType="3" description=""/>
                      <param name="AniAutoReverse" value="False" varType="11" description=""/>
                      <param name="AniLoop" value="False" varType="11" description=""/>
                      <param name="AniInterpolationTypeOut" value="False" varType="11" description=""/>
                      <param name="Delay" value="0" varType="3" description=""/>
                      <param name="SelecedIndex" value="1" varType="3" description=""/>
                    </command>
                  </target>
                </behaviour>
              </event>
            </events>
          </entry>
          <entry title="%E6%99%9A%E9%A4%90">
            <area shape="0" alt="" ID="{E35DE1BB-6FEB-486A-B556-02075C4D6232}" coords="(124,0,186,50)"/>
            <events title="">
              <event eventType="atClick" isChecked="True">
                <behaviour title="" isChecked="True" isWait="False" isLoop="False" execMode="emParallel">
                  <target targetID="D9A57B45-1680-4EF7-B14C-9C140F4BE260" isChecked="True" isAutoRecovery="False" isLoop="False" execMode="emSequence">
                    <command name="Switch Stack Panel" isChecked="True" descrition="">
                      <param name="AniInterpolation" value="0" varType="3" description=""/>
                      <param name="AniDuration" value="200" varType="3" description=""/>
                      <param name="AniAutoReverse" value="False" varType="11" description=""/>
                      <param name="AniLoop" value="False" varType="11" description=""/>
                      <param name="AniInterpolationTypeOut" value="False" varType="11" description=""/>
                      <param name="Delay" value="0" varType="3" description=""/>
                      <param name="SelecedIndex" value="2" varType="3" description=""/>
                    </command>
                  </target>
                </behaviour>
              </event>
            </events>
          </entry>
          <entry title="%E5%8A%A0%E9%A4%90">
            <area shape="0" alt="" ID="{9E4A8F63-A2A6-41FB-8FCC-E7CB3A7E8ACF}" coords="(186,0,248,50)"/>
            <events title=""/>
          </entry>
        </interactiveData>
        <textSet textColor="4278190080" textSize="16" lineSpacingMultiple="1" textAlign="HaLeft" textVAlign="VaTop" textWordWrap="True" lineSpacing="21" textStyles="[]" useDefaultTextSize="False">
          <font family="%E5%BE%AE%E8%BD%AF%E9%9B%85%E9%BB%91" displayName="%E5%BE%AE%E8%BD%AF%E9%9B%85%E9%BB%91" postScript="" weightStyle="Regular" weight="400" isBold="False" isItalic="False"/>
          <text>%E6%97%A9%E9%A4%90%2C%E5%8D%88%E9%A4%90%2C%E6%99%9A%E9%A4%90%2C%E5%8A%A0%E9%A4%90</text>
        </textSet>
        <selectedIndex>0</selectedIndex>
        <selectedColor>4282501083</selectedColor>
        <textPadding>0</textPadding>
      </controlProperties>
    </control>
    <control controlID="E400219D-E719-4ABC-814D-423E3F406DB6" controlTypeID="ScrollView" isShow="True" caption="%E6%BB%9A%E5%8A%A8%E5%8C%BA" x="0" y="116" w="375" h="501" measuredW="0" measuredH="0" zOrder="3" locked="False" sizeLocked="False">
      <controlProperties>
        <basic color="4292730333" borderVisible="False" borderColor="4284900966" isAutoSize="False" status="MsEnabled" opacity="1" isCommentCom="False" canMove="True" alias="" rotation="0"/>
        <states/>
        <verticalScrollbarShow>False</verticalScrollbarShow>
        <verticalScrollbarProgress>0</verticalScrollbarProgress>
        <horizontalScrollbarShow>False</horizontalScrollbarShow>
        <horizontalScrollbarProgress>0</horizontalScrollbarProgress>
        <links eventType="AtClick" animate="AmFade" animateAutoDelay="0" animateDuration="500">
          <link targetPageID="" linkType="ltPageLink" isApplyIncludePage="False" title="%E9%93%BE%E6%8E%A5">
            <area shape="0" alt="" ID="{184B623A-DDA7-4736-A20D-230BECAB319B}" coords="(0,0,375,501)"/>
          </link>
        </links>
        <interactiveData>
          <entry title="">
            <area shape="0" alt="" ID="{FA2556B2-0BF2-4DB9-8BFE-A1FC4C5B101D}" coords="(0,0,375,501)"/>
            <events title=""/>
          </entry>
        </interactiveData>
        <groupChildrenDescriptors>
          <control controlID="EA7422AD-6075-4DF8-B4FE-79F24F2C6860" controlTypeID="ScrollViewContentPanel" isShow="True" caption="%E6%BB%9A%E5%8A%A8%E5%8C%BA%E5%86%85%E5%AE%B9%E5%B1%82" x="0" y="0" w="375" h="501" measuredW="0" measuredH="0" zOrder="0" locked="True" sizeLocked="False">
            <controlProperties>
              <basic color="0" borderVisible="False" borderColor="4278190080" isAutoSize="False" status="MsEnabled" opacity="1" isCommentCom="False" canMove="True" alias="contentPanel" rotation="0"/>
              <states/>
              <verticalScrollbarShow>False</verticalScrollbarShow>
              <verticalScrollbarProgress>0</verticalScrollbarProgress>
              <horizontalScrollbarShow>False</horizontalScrollbarShow>
              <horizontalScrollbarProgress>0</horizontalScrollbarProgress>
              <links eventType="AtClick" animate="AmFade" animateAutoDelay="0" animateDuration="500">
                <link targetPageID="" linkType="ltPageLink" isApplyIncludePage="False" title="%E9%93%BE%E6%8E%A5">
                  <area shape="0" alt="" ID="{38788EFC-754B-481D-9644-BEB499350B16}" coords="(0,0,375,501)"/>
                </link>
              </links>
              <interactiveData>
                <entry title="">
                  <area shape="0" alt="" ID="{DDEA9A96-9F71-4490-9D21-A11E5AE1003F}" coords="(0,0,375,501)"/>
                  <events title=""/>
                </entry>
              </interactiveData>
              <groupChildrenDescriptors>
                <control controlID="D9A57B45-1680-4EF7-B14C-9C140F4BE260" controlTypeID="ContentPanel" isShow="True" caption="%E5%86%85%E5%AE%B9%E9%9D%A2%E6%9D%BF" x="0" y="0" w="375" h="501" measuredW="0" measuredH="0" zOrder="0" locked="False" sizeLocked="False">
                  <controlProperties>
                    <basic color="4294967295" borderVisible="False" borderColor="4284900966" isAutoSize="False" status="MsEnabled" opacity="1" isCommentCom="False" canMove="True" alias="" rotation="0"/>
                    <states/>
                    <verticalScrollbarShow>False</verticalScrollbarShow>
                    <verticalScrollbarProgress>0</verticalScrollbarProgress>
                    <horizontalScrollbarShow>False</horizontalScrollbarShow>
                    <horizontalScrollbarProgress>0</horizontalScrollbarProgress>
                    <links eventType="AtClick" animate="AmFade" animateAutoDelay="0" animateDuration="500">
                      <link targetPageID="D62ED24A-D555-4A24-87D2-3125B94ECA01" linkType="ltIncludePage" isApplyIncludePage="False" title="%E6%99%9A%E9%A4%90">
                        <area shape="0" alt="" ID="{1D7AF2C6-7763-44F4-B3E6-5ABD5F3192CE}" coords="(0,0,375,501)"/>
                      </link>
                    </links>
                    <interactiveData>
                      <entry title="">
                        <area shape="0" alt="" ID="{80D722B6-140F-401B-9C8A-9755A8F83784}" coords="(0,0,375,501)"/>
                        <events title=""/>
                      </entry>
                    </interactiveData>
                    <groupChildrenDescriptors>
                      <control controlID="62F3BE73-8EA2-498B-9391-D1A0BC5EC879" controlTypeID="ScrollArea" isShow="True" caption="%E6%97%A9%E9%A4%90" x="0" y="0" w="375" h="501" measuredW="0" measuredH="0" zOrder="0" locked="False" sizeLocked="False">
                        <controlProperties>
                          <basic color="4292730333" borderVisible="False" borderColor="4284900966" isAutoSize="False" status="MsEnabled" opacity="1" isCommentCom="False" canMove="False" alias="%E6%97%A9%E9%A4%90" rotation="0"/>
                          <states/>
                          <verticalScrollbarShow>False</verticalScrollbarShow>
                          <verticalScrollbarProgress>0</verticalScrollbarProgress>
                          <horizontalScrollbarShow>False</horizontalScrollbarShow>
                          <horizontalScrollbarProgress>0</horizontalScrollbarProgress>
                          <links eventType="AtClick" animate="AmFade" animateAutoDelay="0" animateDuration="500">
                            <link targetPageID="" linkType="ltIncludePage" isApplyIncludePage="False" title="%E9%93%BE%E6%8E%A5">
                              <area shape="0" alt="" ID="{448B6BC7-39FA-4E35-A902-613A08A748E3}" coords="(0,0,375,501)"/>
                            </link>
                          </links>
                          <interactiveData>
                            <entry title="">
                              <area shape="0" alt="" ID="{39D72522-C4C6-4C1B-8B61-2F07F7792EDB}" coords="(0,0,375,501)"/>
                              <events title=""/>
                            </entry>
                          </interactiveData>
                          <groupChildrenDescriptors>
                            <control controlID="A5B129CA-A0BF-46FA-AF09-2F6326BFBE61" controlTypeID="ScrollViewPort" isShow="True" caption="ScrollViewPort" x="0" y="0" w="300" h="300" measuredW="0" measuredH="0" zOrder="0" locked="False" sizeLocked="False">
                              <controlProperties>
                                <basic color="0" borderVisible="False" borderColor="4284900966" isAutoSize="False" status="MsEnabled" opacity="1" isCommentCom="False" canMove="False" alias="viewPort" rotation="0"/>
                                <states/>
                                <verticalScrollbarShow>False</verticalScrollbarShow>
                                <verticalScrollbarProgress>0</verticalScrollbarProgress>
                                <horizontalScrollbarShow>False</horizontalScrollbarShow>
                                <horizontalScrollbarProgress>0</horizontalScrollbarProgress>
                                <links eventType="AtClick" animate="AmFade" animateAutoDelay="0" animateDuration="500">
                                  <link targetPageID="7DDF8382-FCDD-4971-8C0B-A55573D77862" linkType="ltIncludePage" isApplyIncludePage="True" title="%E9%93%BE%E6%8E%A5">
                                    <area shape="0" alt="" ID="{659F25E3-DAE8-4B0F-85FB-C4B82C66CD3B}" coords="(0,0,300,300)"/>
                                  </link>
                                </links>
                                <interactiveData>
                                  <entry title="">
                                    <area shape="0" alt="" ID="{E97A6AF7-B5F8-4657-9571-C4C0FFD96220}" coords="(0,0,300,300)"/>
                                    <events title=""/>
                                  </entry>
                                </interactiveData>
                              </controlProperties>
                            </control>
                          </groupChildrenDescriptors>
                        </controlProperties>
                      </control>
                      <control controlID="0DCBE776-879F-4E98-A50C-85D39CFC16E4" controlTypeID="ScrollArea" isShow="True" caption="%E5%8D%88%E9%A4%90" x="0" y="0" w="375" h="501" measuredW="0" measuredH="0" zOrder="1" locked="False" sizeLocked="False">
                        <controlProperties>
                          <basic color="4292730333" borderVisible="False" borderColor="4284900966" isAutoSize="False" status="MsEnabled" opacity="1" isCommentCom="False" canMove="False" alias="%E5%8D%88%E9%A4%90" rotation="0"/>
                          <states/>
                          <verticalScrollbarShow>False</verticalScrollbarShow>
                          <verticalScrollbarProgress>0</verticalScrollbarProgress>
                          <horizontalScrollbarShow>False</horizontalScrollbarShow>
                          <horizontalScrollbarProgress>0</horizontalScrollbarProgress>
                          <links eventType="AtClick" animate="AmFade" animateAutoDelay="0" animateDuration="500">
                            <link targetPageID="" linkType="ltIncludePage" isApplyIncludePage="False" title="%E9%93%BE%E6%8E%A5">
                              <area shape="0" alt="" ID="{333E5B67-B13D-4EB3-B848-C1AEC3260B90}" coords="(0,0,375,501)"/>
                            </link>
                          </links>
                          <interactiveData>
                            <entry title="">
                              <area shape="0" alt="" ID="{5A24D37D-6C3E-4EE5-ABCE-A09DE99D9663}" coords="(0,0,375,501)"/>
                              <events title=""/>
                            </entry>
                          </interactiveData>
                          <groupChildrenDescriptors>
                            <control controlID="A35B9492-29E9-42FD-89A0-D5F233136E52" controlTypeID="ScrollViewPort" isShow="True" caption="ScrollViewPort" x="0" y="0" w="300" h="300" measuredW="0" measuredH="0" zOrder="0" locked="False" sizeLocked="False">
                              <controlProperties>
                                <basic color="0" borderVisible="False" borderColor="4284900966" isAutoSize="False" status="MsEnabled" opacity="1" isCommentCom="False" canMove="False" alias="viewPort" rotation="0"/>
                                <states/>
                                <verticalScrollbarShow>False</verticalScrollbarShow>
                                <verticalScrollbarProgress>0</verticalScrollbarProgress>
                                <horizontalScrollbarShow>False</horizontalScrollbarShow>
                                <horizontalScrollbarProgress>0</horizontalScrollbarProgress>
                                <links eventType="AtClick" animate="AmFade" animateAutoDelay="0" animateDuration="500">
                                  <link targetPageID="D62ED24A-D555-4A24-87D2-3125B94ECA01" linkType="ltIncludePage" isApplyIncludePage="True" title="%E9%93%BE%E6%8E%A5">
                                    <area shape="0" alt="" ID="{CEB853F8-6646-479E-8A0A-416FD3553F82}" coords="(0,0,300,300)"/>
                                  </link>
                                </links>
                                <interactiveData>
                                  <entry title="">
                                    <area shape="0" alt="" ID="{E790F921-5938-4E55-A3BE-E4176661C2EF}" coords="(0,0,300,300)"/>
                                    <events title=""/>
                                  </entry>
                                </interactiveData>
                              </controlProperties>
                            </control>
                          </groupChildrenDescriptors>
                        </controlProperties>
                      </control>
                      <control controlID="EC7152D3-4799-4D0F-8001-0E7B020660CA" controlTypeID="ScrollArea" isShow="True" caption="%E6%99%9A%E9%A4%90" x="0" y="0" w="375" h="501" measuredW="0" measuredH="0" zOrder="2" locked="False" sizeLocked="False">
                        <controlProperties>
                          <basic color="4292730333" borderVisible="False" borderColor="4284900966" isAutoSize="False" status="MsEnabled" opacity="1" isCommentCom="False" canMove="False" alias="%E6%99%9A%E9%A4%90" rotation="0"/>
                          <states/>
                          <verticalScrollbarShow>False</verticalScrollbarShow>
                          <verticalScrollbarProgress>0</verticalScrollbarProgress>
                          <horizontalScrollbarShow>False</horizontalScrollbarShow>
                          <horizontalScrollbarProgress>0</horizontalScrollbarProgress>
                          <links eventType="AtClick" animate="AmFade" animateAutoDelay="0" animateDuration="500">
                            <link targetPageID="" linkType="ltIncludePage" isApplyIncludePage="False" title="%E9%93%BE%E6%8E%A5">
                              <area shape="0" alt="" ID="{A1BDDB5A-8E12-46DB-8BCD-41310B75A018}" coords="(0,0,375,501)"/>
                            </link>
                          </links>
                          <interactiveData>
                            <entry title="">
                              <area shape="0" alt="" ID="{F056D5ED-9A10-4813-A115-D8D0D76D641F}" coords="(0,0,375,501)"/>
                              <events title=""/>
                            </entry>
                          </interactiveData>
                          <groupChildrenDescriptors>
                            <control controlID="FB469E69-E1C6-48AE-B68B-7DF63373FAD1" controlTypeID="ScrollViewPort" isShow="True" caption="ScrollViewPort" x="0" y="0" w="300" h="300" measuredW="0" measuredH="0" zOrder="0" locked="False" sizeLocked="False">
                              <controlProperties>
                                <basic color="0" borderVisible="False" borderColor="4284900966" isAutoSize="False" status="MsEnabled" opacity="1" isCommentCom="False" canMove="False" alias="viewPort" rotation="0"/>
                                <states/>
                                <verticalScrollbarShow>False</verticalScrollbarShow>
                                <verticalScrollbarProgress>0</verticalScrollbarProgress>
                                <horizontalScrollbarShow>False</horizontalScrollbarShow>
                                <horizontalScrollbarProgress>0</horizontalScrollbarProgress>
                                <links eventType="AtClick" animate="AmFade" animateAutoDelay="0" animateDuration="500">
                                  <link targetPageID="F04C937B-3214-44C0-A205-A1ED4674459B" linkType="ltIncludePage" isApplyIncludePage="True" title="%E9%93%BE%E6%8E%A5">
                                    <area shape="0" alt="" ID="{C8D24A14-090D-48D9-AC35-2BB16063A027}" coords="(0,0,300,300)"/>
                                  </link>
                                </links>
                                <interactiveData>
                                  <entry title="">
                                    <area shape="0" alt="" ID="{F213BE1E-F0E3-4696-95B6-BC69A3CE13E0}" coords="(0,0,300,300)"/>
                                    <events title=""/>
                                  </entry>
                                </interactiveData>
                              </controlProperties>
                            </control>
                          </groupChildrenDescriptors>
                        </controlProperties>
                      </control>
                    </groupChildrenDescriptors>
                    <selectedIndex>1</selectedIndex>
                    <aniType>spaNone</aniType>
                    <playInterval>6000</playInterval>
                    <contentLayout>clAbsolute</contentLayout>
                    <canHoriScroll>False</canHoriScroll>
                    <canVertScroll>True</canVertScroll>
                    <showScrollBars>True</showScrollBars>
                  </controlProperties>
                </control>
              </groupChildrenDescriptors>
            </controlProperties>
          </control>
          <control controlID="33C2E043-D9CA-468D-8D18-3EECB1A4DEDB" controlTypeID="Border" isShow="True" caption="Border" x="0" y="0" w="375" h="501" measuredW="0" measuredH="0" zOrder="1" locked="True" sizeLocked="False">
            <controlProperties>
              <basic color="4284900966" borderVisible="False" borderColor="4278190080" isAutoSize="False" status="MsEnabled" opacity="1" isCommentCom="False" canMove="True" alias="borderLayer" rotation="0"/>
              <states/>
              <verticalScrollbarShow>False</verticalScrollbarShow>
              <verticalScrollbarProgress>0</verticalScrollbarProgress>
              <horizontalScrollbarShow>False</horizontalScrollbarShow>
              <horizontalScrollbarProgress>0</horizontalScrollbarProgress>
              <links eventType="AtClick" animate="AmFade" animateAutoDelay="0" animateDuration="500">
                <link targetPageID="" linkType="ltPageLink" isApplyIncludePage="False" title="%E9%93%BE%E6%8E%A5">
                  <area shape="0" alt="" ID="{E87A2BD4-821A-4E4C-BBDC-3F946C8F4492}" coords="(0,0,375,501)"/>
                </link>
              </links>
              <interactiveData>
                <entry title="">
                  <area shape="0" alt="" ID="{9A90D89F-D8E0-4D4A-BC24-98C14F66F4E8}" coords="(0,0,375,501)"/>
                  <events title=""/>
                </entry>
              </interactiveData>
              <thickness>1</thickness>
              <dashMode>SdSolid</dashMode>
            </controlProperties>
          </control>
        </groupChildrenDescriptors>
        <canHoriScroll>False</canHoriScroll>
        <canVertScroll>True</canVertScroll>
        <showScrollBars>True</showScrollBars>
      </controlProperties>
    </control>
    <control controlID="C3B81936-1F41-4A1F-BCC2-17CFDED8CFB4" controlTypeID="PopupMenu" isShow="True" caption="%E5%BC%B9%E5%87%BA%E8%8F%9C%E5%8D%95" x="290" y="-6" w="46" h="46" measuredW="0" measuredH="0" zOrder="4" locked="False" sizeLocked="False">
      <controlProperties isBackgroundFade="False" aniType_Mobile="aniNone" aniType="dnNone" closeByClickMode="cmClickAllArea" closeByKeyModes="[kmEsc,kmEnter]" isShowBackground="False" delayBeforePopup="0" aniDuration="200" positionPolicy="ppFree" positionMargin="0" positionScreenMode="psCenter" positionComMode="pcBottom">
        <basic color="1879048192" borderVisible="False" borderColor="4284900966" isAutoSize="False" status="MsEnabled" opacity="1" isCommentCom="False" canMove="True" alias="" rotation="0"/>
        <states/>
        <verticalScrollbarShow>False</verticalScrollbarShow>
        <verticalScrollbarProgress>0</verticalScrollbarProgress>
        <horizontalScrollbarShow>False</horizontalScrollbarShow>
        <horizontalScrollbarProgress>0</horizontalScrollbarProgress>
        <links eventType="AtClick" animate="AmFade" animateAutoDelay="0" animateDuration="500">
          <link targetPageID="" linkType="ltPageLink" isApplyIncludePage="False" title="%E9%93%BE%E6%8E%A5">
            <area shape="0" alt="" ID="{EBB14A82-8AE9-40D4-A0AA-CDF0E1570C37}" coords="(0,0,46,46)"/>
          </link>
        </links>
        <interactiveData>
          <entry title="">
            <area shape="0" alt="" ID="{7E995259-5FDB-4B96-8449-969B36CC8457}" coords="(0,0,46,46)"/>
            <events title=""/>
          </entry>
        </interactiveData>
        <groupChildrenDescriptors>
          <control controlID="4BD0DB33-1599-4A50-946E-2F04CAC69906" controlTypeID="Panel" isShow="True" caption="%E9%9D%A2%E6%9D%BF" x="0" y="0" w="375" h="667" measuredW="0" measuredH="0" zOrder="0" locked="True" sizeLocked="False">
            <controlProperties>
              <basic color="1879048192" borderVisible="False" borderColor="4284900966" isAutoSize="False" status="MsEnabled" opacity="1" isCommentCom="False" canMove="False" alias="background" rotation="0"/>
              <states/>
              <verticalScrollbarShow>False</verticalScrollbarShow>
              <verticalScrollbarProgress>0</verticalScrollbarProgress>
              <horizontalScrollbarShow>False</horizontalScrollbarShow>
              <horizontalScrollbarProgress>0</horizontalScrollbarProgress>
              <links eventType="AtClick" animate="AmFade" animateAutoDelay="0" animateDuration="500">
                <link targetPageID="" linkType="ltPageLink" isApplyIncludePage="False" title="%E9%93%BE%E6%8E%A5">
                  <area shape="0" alt="" ID="{9CC733DA-8C3B-4A47-9A35-DEDDCEA64919}" coords="(0,0,375,667)"/>
                </link>
              </links>
              <interactiveData>
                <entry title="">
                  <area shape="0" alt="" ID="{8B4C8CB1-0B62-47ED-8BA5-7CFF08387D63}" coords="(0,0,375,667)"/>
                  <events title=""/>
                </entry>
              </interactiveData>
              <groupChildrenDescriptors>
                <control controlID="C8EE3D9D-395D-456A-8A5C-F1FF78CDCD4A" controlTypeID="Border" isShow="True" caption="Border" x="0" y="0" w="375" h="667" measuredW="0" measuredH="0" zOrder="0" locked="True" sizeLocked="False">
                  <controlProperties>
                    <basic color="4294967295" borderVisible="False" borderColor="4284900966" isAutoSize="False" status="MsEnabled" opacity="1" isCommentCom="False" canMove="True" alias="borderLayer" rotation="0"/>
                    <states/>
                    <verticalScrollbarShow>False</verticalScrollbarShow>
                    <verticalScrollbarProgress>0</verticalScrollbarProgress>
                    <horizontalScrollbarShow>False</horizontalScrollbarShow>
                    <horizontalScrollbarProgress>0</horizontalScrollbarProgress>
                    <links eventType="AtClick" animate="AmFade" animateAutoDelay="0" animateDuration="500">
                      <link targetPageID="" linkType="ltPageLink" isApplyIncludePage="False" title="%E9%93%BE%E6%8E%A5">
                        <area shape="0" alt="" ID="{C32C090B-F332-4C12-9C8D-1552CFE52852}" coords="(0,0,375,667)"/>
                      </link>
                    </links>
                    <interactiveData>
                      <entry title="">
                        <area shape="0" alt="" ID="{61B2CACD-EB7B-409B-A3D5-AD5FD3F34927}" coords="(0,0,375,667)"/>
                        <events title=""/>
                      </entry>
                    </interactiveData>
                    <thickness>1</thickness>
                    <dashMode>SdSolid</dashMode>
                  </controlProperties>
                </control>
              </groupChildrenDescriptors>
              <thinkness>1</thinkness>
              <dashMode>SdSolid</dashMode>
            </controlProperties>
          </control>
          <control controlID="19D0198A-20E8-460D-9AEE-40143EC77DD8" controlTypeID="List" isShow="True" caption="%E5%88%97%E8%A1%A8" x="248" y="66" w="127" h="97" measuredW="168" measuredH="252" zOrder="1" locked="False" sizeLocked="False">
            <controlProperties>
              <basic color="4293980400" borderVisible="True" borderColor="4284900966" isAutoSize="False" status="MsEnabled" opacity="1" isCommentCom="False" canMove="True" alias="content" rotation="0"/>
              <states/>
              <verticalScrollbarShow>False</verticalScrollbarShow>
              <verticalScrollbarProgress>0</verticalScrollbarProgress>
              <horizontalScrollbarShow>False</horizontalScrollbarShow>
              <horizontalScrollbarProgress>0</horizontalScrollbarProgress>
              <links eventType="AtClick" animate="AmFade" animateAutoDelay="0" animateDuration="500">
                <link targetPageID="" linkType="ltPageLink" isApplyIncludePage="False" title="%E5%87%8F%E8%84%82">
                  <area shape="0" alt="" ID="{EAB5AA3E-819B-4AFC-AE84-3D6902F29139}" coords="(1,1,126,49)"/>
                </link>
                <link targetPageID="" linkType="ltPageLink" isApplyIncludePage="False" title="%E5%A2%9E%E8%82%8C">
                  <area shape="0" alt="" ID="{28AEEDFD-6924-4E5C-9869-AD27D135624A}" coords="(1,49,126,97)"/>
                </link>
              </links>
              <interactiveData>
                <entry title="%E5%87%8F%E8%84%82">
                  <area shape="0" alt="" ID="{CD128604-E915-4C4F-A9A0-0153D772515F}" coords="(1,1,126,49)"/>
                  <events title=""/>
                </entry>
                <entry title="%E5%A2%9E%E8%82%8C">
                  <area shape="0" alt="" ID="{90DEF034-1B0E-47D9-B875-320128A230DF}" coords="(1,49,126,97)"/>
                  <events title=""/>
                </entry>
              </interactiveData>
              <textSet textColor="4278190080" textSize="14" lineSpacingMultiple="1" textAlign="HaCenter" textVAlign="VaTop" textWordWrap="True" lineSpacing="18" textStyles="[]" useDefaultTextSize="True">
                <font family="%E5%BE%AE%E8%BD%AF%E9%9B%85%E9%BB%91" displayName="%E5%BE%AE%E8%BD%AF%E9%9B%85%E9%BB%91" postScript="" weightStyle="Regular" weight="400" isBold="False" isItalic="False"/>
                <text>%E5%87%8F%E8%84%82%0D%0A%E5%A2%9E%E8%82%8C</text>
              </textSet>
              <selectedIndex>0</selectedIndex>
              <selectedColor>268435455</selectedColor>
              <textPadding>10</textPadding>
              <itemHeight>48</itemHeight>
              <isInterlace>False</isInterlace>
              <interlaceColor>4293848814</interlaceColor>
              <separatorColor>4284900966</separatorColor>
              <showSeparator>False</showSeparator>
            </controlProperties>
          </control>
        </groupChildrenDescriptors>
      </controlProperties>
    </control>
  </controls>
  <param>
    <backgroundColor>4292730333</backgroundColor>
    <fontSize>0</fontSize>
    <fontFamily/>
    <guideLines/>
  </param>
</mockup>