﻿<LinkSources version="1.02">
  <page ID="F61B23BD-D363-4D4B-83A0-E918070F0852">
    <linkSource sourcePageID="C948F9B5-A4BF-40A6-8CB8-FA67DDA0476B" comID="281CC5E6-C430-44FE-B09A-E7FE020DD6C4" comLinkType="cltPageLink"/>
    <linkSource sourcePageID="A1BFE3FA-BDFB-4429-82A7-5A23636A3A6B" comID="EFB12AED-0A63-4391-B779-4F15B7255893" comLinkType="cltPageLink"/>
    <linkSource sourcePageID="A1BFE3FA-BDFB-4429-82A7-5A23636A3A6B" comID="AD272940-1C65-4877-9BC1-A9B17BCA334E" comLinkType="cltPageLink"/>
    <linkSource sourcePageID="A1BFE3FA-BDFB-4429-82A7-5A23636A3A6B" comID="40B01D99-B5CC-413F-8D27-01DDF4CEDA9D" comLinkType="cltPageLink"/>
    <linkSource sourcePageID="A1BFE3FA-BDFB-4429-82A7-5A23636A3A6B" comID="9FF40320-B818-4A2F-A4C6-37705413F409" comLinkType="cltPageLink"/>
    <linkSource sourcePageID="A1BFE3FA-BDFB-4429-82A7-5A23636A3A6B" comID="C9D388F5-5477-4640-A450-D62977E6D228" comLinkType="cltPageLink"/>
    <linkSource sourcePageID="A1BFE3FA-BDFB-4429-82A7-5A23636A3A6B" comID="6C79AA83-A998-4496-9E75-800ADD2853C4" comLinkType="cltPageLink"/>
    <linkSource sourcePageID="D573AE8B-2129-4C64-8C1A-116FA4BC04A9" comID="B52ACB2E-28CE-4FD2-9B63-673BB1531034" comLinkType="cltPageLink"/>
    <linkSource sourcePageID="D573AE8B-2129-4C64-8C1A-116FA4BC04A9" comID="37C06FB4-DBD6-4E77-9706-78B8BD7BF0F4" comLinkType="cltPageLink"/>
    <linkSource sourcePageID="A1BFE3FA-BDFB-4429-82A7-5A23636A3A6B" comID="5A9A3C6D-49E1-4A4B-86EC-8A1022A2F458" comLinkType="cltPageLink"/>
    <linkSource sourcePageID="627A7821-8578-4BAD-ADEB-DDF518B97196" comID="DA967CD2-5565-427B-970B-88464A3D4B1C" comLinkType="cltPageLink"/>
    <linkSource sourcePageID="A1BFE3FA-BDFB-4429-82A7-5A23636A3A6B" comID="D9E1BAD1-E7F4-4D82-883F-DBE0269E797A" comLinkType="cltPageLink"/>
    <linkSource sourcePageID="A1BFE3FA-BDFB-4429-82A7-5A23636A3A6B" comID="0F8E71F8-444F-40CA-ADE8-BCE9CDE5C641" comLinkType="cltPageLink"/>
    <linkSource sourcePageID="A1BFE3FA-BDFB-4429-82A7-5A23636A3A6B" comID="E142E6E9-D262-4DF6-AF62-0D3FA224056D" comLinkType="cltPageLink"/>
    <linkSource sourcePageID="A1BFE3FA-BDFB-4429-82A7-5A23636A3A6B" comID="3C4367D8-8192-4DED-A9B2-9C7925EC2E02" comLinkType="cltPageLink"/>
    <linkSource sourcePageID="A1BFE3FA-BDFB-4429-82A7-5A23636A3A6B" comID="3BE2E9B0-20A5-4B0E-88CE-5FB142BCDB77" comLinkType="cltPageLink"/>
    <linkSource sourcePageID="627A7821-8578-4BAD-ADEB-DDF518B97196" comID="20E9D909-D4D4-45DA-9B14-12845889455C" comLinkType="cltPageLink"/>
    <linkSource sourcePageID="627A7821-8578-4BAD-ADEB-DDF518B97196" comID="BF79F282-3C66-4B6B-BCE2-12CA6EB51F92" comLinkType="cltPageLink"/>
    <linkSource sourcePageID="A1BFE3FA-BDFB-4429-82A7-5A23636A3A6B" comID="C9D67CA3-8C27-40E1-A629-795764CF5F6B" comLinkType="cltPageLink"/>
    <linkSource sourcePageID="A1BFE3FA-BDFB-4429-82A7-5A23636A3A6B" comID="7B9C56F8-830E-4449-98AE-07D420858696" comLinkType="cltPageLink"/>
    <linkSource sourcePageID="A1BFE3FA-BDFB-4429-82A7-5A23636A3A6B" comID="AC0E8FDB-9C3F-4A43-9B97-BE3C56C3F59E" comLinkType="cltPageLink"/>
    <linkSource sourcePageID="A1BFE3FA-BDFB-4429-82A7-5A23636A3A6B" comID="4D488E3B-ABF4-41FA-95B7-3139B81979D4" comLinkType="cltPageLink"/>
    <linkSource sourcePageID="A1BFE3FA-BDFB-4429-82A7-5A23636A3A6B" comID="60240542-3ED2-495E-AF41-24CF8A4C03DA" comLinkType="cltPageLink"/>
    <linkSource sourcePageID="A1BFE3FA-BDFB-4429-82A7-5A23636A3A6B" comID="C80A43F5-C9D0-488D-A9EE-3DAA2F2B23A1" comLinkType="cltPageLink"/>
    <linkSource sourcePageID="A1BFE3FA-BDFB-4429-82A7-5A23636A3A6B" comID="665017D6-3649-4E84-818D-08638445202F" comLinkType="cltPageLink"/>
    <linkSource sourcePageID="A1BFE3FA-BDFB-4429-82A7-5A23636A3A6B" comID="78278A5E-BB82-4506-AFC2-CF6AEB104F5C" comLinkType="cltPageLink"/>
    <linkSource sourcePageID="A1BFE3FA-BDFB-4429-82A7-5A23636A3A6B" comID="E8C0D35C-46CB-4C96-B3D6-11FB344BF26D" comLinkType="cltPageLink"/>
    <linkSource sourcePageID="A1BFE3FA-BDFB-4429-82A7-5A23636A3A6B" comID="D2985D30-53B5-4592-BE00-A6EB30858905" comLinkType="cltPageLink"/>
    <linkSource sourcePageID="A1BFE3FA-BDFB-4429-82A7-5A23636A3A6B" comID="4133B10D-42F4-43FF-837E-22769C571F55" comLinkType="cltPageLink"/>
    <linkSource sourcePageID="A1BFE3FA-BDFB-4429-82A7-5A23636A3A6B" comID="5C46BA51-8653-44CA-AC1D-4BEF8E5E20F1" comLinkType="cltPageLink"/>
    <linkSource sourcePageID="A1BFE3FA-BDFB-4429-82A7-5A23636A3A6B" comID="85E8DCCF-E10D-4202-81A8-0A97F096771B" comLinkType="cltPageLink"/>
    <linkSource sourcePageID="A1BFE3FA-BDFB-4429-82A7-5A23636A3A6B" comID="2A8C8A76-5EA4-4BDF-B45C-22F6A5DAEBD0" comLinkType="cltPageLink"/>
    <linkSource sourcePageID="A1BFE3FA-BDFB-4429-82A7-5A23636A3A6B" comID="1CE2AA98-C9B2-4D04-81A8-AB6DDEE3E868" comLinkType="cltPageLink"/>
    <linkSource sourcePageID="A1BFE3FA-BDFB-4429-82A7-5A23636A3A6B" comID="677955DE-1A41-4CD4-872A-C11CACC0EC4E" comLinkType="cltPageLink"/>
    <linkSource sourcePageID="A1BFE3FA-BDFB-4429-82A7-5A23636A3A6B" comID="8D871D28-EF3F-4DDD-9DBB-5DE1EEFB796A" comLinkType="cltPageLink"/>
    <linkSource sourcePageID="374C4F9D-7AB1-4CC2-B883-C69A8D742336" comID="5D8689D2-76FE-4860-AFE4-58BFEB217AF5" comLinkType="cltPageLink"/>
    <linkSource sourcePageID="A1BFE3FA-BDFB-4429-82A7-5A23636A3A6B" comID="4A067C21-3A52-448D-9622-DB9CF0E682E0" comLinkType="cltPageLink"/>
    <linkSource sourcePageID="A1BFE3FA-BDFB-4429-82A7-5A23636A3A6B" comID="EE1A0ACA-7516-44C9-A0E1-D88E67CC2A57" comLinkType="cltPageLink"/>
    <linkSource sourcePageID="A1BFE3FA-BDFB-4429-82A7-5A23636A3A6B" comID="A4CF5662-CE4F-479F-84A5-7944434285AF" comLinkType="cltPageLink"/>
    <linkSource sourcePageID="A1BFE3FA-BDFB-4429-82A7-5A23636A3A6B" comID="5851B177-D1FA-4F57-AB65-E22DFB7C969B" comLinkType="cltPageLink"/>
    <linkSource sourcePageID="D2F59DCF-A60E-4954-B930-91FC2D5606CD" comID="3EA5F087-CA82-4093-8769-7671C30A0424" comLinkType="cltPageLink"/>
    <linkSource sourcePageID="F572292E-05CB-48C4-807B-456FD3019165" comID="D2EDF313-EDC1-462D-8936-8C49AB4F7E7D" comLinkType="cltPageLink"/>
    <linkSource sourcePageID="627A7821-8578-4BAD-ADEB-DDF518B97196" comID="D6615996-679B-422E-AE57-A0BF94E8FFF0" comLinkType="cltPageLink"/>
  </page>
  <page ID="D2F59DCF-A60E-4954-B930-91FC2D5606CD">
    <linkSource sourcePageID="F61B23BD-D363-4D4B-83A0-E918070F0852" comID="C362478B-1517-4699-90BA-7E6548EE8BA6" comLinkType="cltPageLink"/>
    <linkSource sourcePageID="C948F9B5-A4BF-40A6-8CB8-FA67DDA0476B" comID="6618277B-12C8-4E74-896C-63895E0E7C39" comLinkType="cltPageLink"/>
    <linkSource sourcePageID="A1BFE3FA-BDFB-4429-82A7-5A23636A3A6B" comID="DBA5F988-CFB0-4714-9032-24B87FC412F9" comLinkType="cltPageLink"/>
    <linkSource sourcePageID="D573AE8B-2129-4C64-8C1A-116FA4BC04A9" comID="36E2CF47-1AB9-4E6F-9CAD-75653ABF22FD" comLinkType="cltPageLink"/>
    <linkSource sourcePageID="D2F59DCF-A60E-4954-B930-91FC2D5606CD" comID="2DD75D7A-F155-4B2F-8656-C075671832BB" comLinkType="cltPageLink"/>
    <linkSource sourcePageID="F572292E-05CB-48C4-807B-456FD3019165" comID="B59B159D-9CD0-4F2C-A452-5C81CEE60E31" comLinkType="cltPageLink"/>
  </page>
  <page ID="A1BFE3FA-BDFB-4429-82A7-5A23636A3A6B">
    <linkSource sourcePageID="F61B23BD-D363-4D4B-83A0-E918070F0852" comID="9B6D5E5E-3DFA-4A0D-B1DF-A1A9A6B61E11" comLinkType="cltPageLink"/>
  </page>
  <page ID="C948F9B5-A4BF-40A6-8CB8-FA67DDA0476B">
    <linkSource sourcePageID="F61B23BD-D363-4D4B-83A0-E918070F0852" comID="17A03E9E-7928-48BC-8B11-6BCAD8358F8D" comLinkType="cltPageLink"/>
    <linkSource sourcePageID="F61B23BD-D363-4D4B-83A0-E918070F0852" comID="51CF5DBA-5EBA-48F4-BE07-46FB4533EA28" comLinkType="cltPageLink"/>
    <linkSource sourcePageID="F61B23BD-D363-4D4B-83A0-E918070F0852" comID="83F51D34-9946-45F1-872C-27B7ED5A4BF2" comLinkType="cltPageLink"/>
    <linkSource sourcePageID="F61B23BD-D363-4D4B-83A0-E918070F0852" comID="BC5B4F3B-AF16-4DB7-B62E-1B358768C759" comLinkType="cltPageLink"/>
    <linkSource sourcePageID="85D5B4A3-5436-4914-AD46-00C95A0E1E99" comID="5193DC62-BBFC-4703-A5E0-8925AF6880C0" comLinkType="cltPageLink"/>
    <linkSource sourcePageID="85D5B4A3-5436-4914-AD46-00C95A0E1E99" comID="C70CE877-36DC-4937-8DA4-56D3AA48026F" comLinkType="cltPageLink"/>
    <linkSource sourcePageID="C948F9B5-A4BF-40A6-8CB8-FA67DDA0476B" comID="9A0BF4ED-70A0-4804-B7F3-CE6D7F2877FE" comLinkType="cltPageLink"/>
    <linkSource sourcePageID="C948F9B5-A4BF-40A6-8CB8-FA67DDA0476B" comID="16568B09-6378-4411-8133-EAD3BBFD608C" comLinkType="cltPageLink"/>
    <linkSource sourcePageID="78841452-6C34-4B7B-8317-A6CABC725B33" comID="32D5362F-D904-4EE3-AA1C-E7E7B3181C89" comLinkType="cltPageLink"/>
    <linkSource sourcePageID="78841452-6C34-4B7B-8317-A6CABC725B33" comID="2B374AC4-C9C3-4EFB-BD1B-FEB3AC5B1487" comLinkType="cltPageLink"/>
    <linkSource sourcePageID="C948F9B5-A4BF-40A6-8CB8-FA67DDA0476B" comID="9B35338C-585B-45BB-9F5A-95DBC8D7FD24" comLinkType="cltPageLink"/>
    <linkSource sourcePageID="C948F9B5-A4BF-40A6-8CB8-FA67DDA0476B" comID="A53A5C66-5CCD-4259-9AD8-9C1BEC1C1DD0" comLinkType="cltPageLink"/>
    <linkSource sourcePageID="C948F9B5-A4BF-40A6-8CB8-FA67DDA0476B" comID="8A58C312-E9FB-470F-AA39-FBAA87934BE1" comLinkType="cltPageLink"/>
    <linkSource sourcePageID="C948F9B5-A4BF-40A6-8CB8-FA67DDA0476B" comID="1D070406-8E1B-4038-85A3-C8713D08631E" comLinkType="cltPageLink"/>
    <linkSource sourcePageID="78841452-6C34-4B7B-8317-A6CABC725B33" comID="541DC6FF-5D8B-498E-8677-7389FE47377D" comLinkType="cltPageLink"/>
    <linkSource sourcePageID="78841452-6C34-4B7B-8317-A6CABC725B33" comID="D91F2EF0-3B1D-4995-8AA4-51F8EAD589F5" comLinkType="cltPageLink"/>
  </page>
  <page ID="78841452-6C34-4B7B-8317-A6CABC725B33">
    <linkSource sourcePageID="C948F9B5-A4BF-40A6-8CB8-FA67DDA0476B" comID="564A61E1-3303-4D65-B838-555204F2A861" comLinkType="cltPageLink"/>
    <linkSource sourcePageID="C948F9B5-A4BF-40A6-8CB8-FA67DDA0476B" comID="87571ECB-78C1-423C-B1B4-CE3D61460B84" comLinkType="cltPageLink"/>
    <linkSource sourcePageID="C948F9B5-A4BF-40A6-8CB8-FA67DDA0476B" comID="A700C5FB-BFED-451C-9DA7-5EAB6C8A1E94" comLinkType="cltPageLink"/>
    <linkSource sourcePageID="78841452-6C34-4B7B-8317-A6CABC725B33" comID="541DC6FF-5D8B-498E-8677-7389FE47377D" comLinkType="cltPageLink"/>
    <linkSource sourcePageID="78841452-6C34-4B7B-8317-A6CABC725B33" comID="D91F2EF0-3B1D-4995-8AA4-51F8EAD589F5" comLinkType="cltPageLink"/>
    <linkSource sourcePageID="C948F9B5-A4BF-40A6-8CB8-FA67DDA0476B" comID="6440B9B3-1374-45B5-9390-1FB11D27AFAB" comLinkType="cltPageLink"/>
  </page>
  <page ID="ABF0948B-1847-49A1-9273-69AA6E3A89A9">
    <linkSource sourcePageID="C948F9B5-A4BF-40A6-8CB8-FA67DDA0476B" comID="564A61E1-3303-4D65-B838-555204F2A861" comLinkType="cltPageLink"/>
    <linkSource sourcePageID="C948F9B5-A4BF-40A6-8CB8-FA67DDA0476B" comID="73F1F4D1-79EC-48B2-BE1A-20F5DB0C4D7A" comLinkType="cltPageLink"/>
    <linkSource sourcePageID="C948F9B5-A4BF-40A6-8CB8-FA67DDA0476B" comID="A700C5FB-BFED-451C-9DA7-5EAB6C8A1E94" comLinkType="cltPageLink"/>
  </page>
  <page ID="6C23EF8F-89CF-473D-A04C-00A41F0AFF98">
    <linkSource sourcePageID="C948F9B5-A4BF-40A6-8CB8-FA67DDA0476B" comID="564A61E1-3303-4D65-B838-555204F2A861" comLinkType="cltPageLink"/>
    <linkSource sourcePageID="C948F9B5-A4BF-40A6-8CB8-FA67DDA0476B" comID="7F80C730-B214-4E8E-94D0-792BB2444548" comLinkType="cltPageLink"/>
  </page>
  <page ID="F572292E-05CB-48C4-807B-456FD3019165">
    <linkSource sourcePageID="F61B23BD-D363-4D4B-83A0-E918070F0852" comID="F7CC18B1-158E-4E46-8F6A-3B4BA8938F68" comLinkType="cltPageLink"/>
  </page>
  <page ID="7DDF8382-FCDD-4971-8C0B-A55573D77862">
    <linkSource sourcePageID="F572292E-05CB-48C4-807B-456FD3019165" comID="D9A57B45-1680-4EF7-B14C-9C140F4BE260" comLinkType="cltPageLink"/>
    <linkSource sourcePageID="F572292E-05CB-48C4-807B-456FD3019165" comID="A5B129CA-A0BF-46FA-AF09-2F6326BFBE61" comLinkType="cltPageLink"/>
  </page>
  <page ID="D62ED24A-D555-4A24-87D2-3125B94ECA01">
    <linkSource sourcePageID="F572292E-05CB-48C4-807B-456FD3019165" comID="D9A57B45-1680-4EF7-B14C-9C140F4BE260" comLinkType="cltPageLink"/>
    <linkSource sourcePageID="F572292E-05CB-48C4-807B-456FD3019165" comID="A35B9492-29E9-42FD-89A0-D5F233136E52" comLinkType="cltPageLink"/>
  </page>
  <page ID="F04C937B-3214-44C0-A205-A1ED4674459B">
    <linkSource sourcePageID="F572292E-05CB-48C4-807B-456FD3019165" comID="D9A57B45-1680-4EF7-B14C-9C140F4BE260" comLinkType="cltPageLink"/>
    <linkSource sourcePageID="F572292E-05CB-48C4-807B-456FD3019165" comID="FB469E69-E1C6-48AE-B68B-7DF63373FAD1" comLinkType="cltPageLink"/>
  </page>
  <page ID="D573AE8B-2129-4C64-8C1A-116FA4BC04A9">
    <linkSource sourcePageID="F61B23BD-D363-4D4B-83A0-E918070F0852" comID="C362478B-1517-4699-90BA-7E6548EE8BA6" comLinkType="cltPageLink"/>
    <linkSource sourcePageID="C948F9B5-A4BF-40A6-8CB8-FA67DDA0476B" comID="6618277B-12C8-4E74-896C-63895E0E7C39" comLinkType="cltPageLink"/>
    <linkSource sourcePageID="A1BFE3FA-BDFB-4429-82A7-5A23636A3A6B" comID="DBA5F988-CFB0-4714-9032-24B87FC412F9" comLinkType="cltPageLink"/>
    <linkSource sourcePageID="D573AE8B-2129-4C64-8C1A-116FA4BC04A9" comID="36E2CF47-1AB9-4E6F-9CAD-75653ABF22FD" comLinkType="cltPageLink"/>
    <linkSource sourcePageID="D2F59DCF-A60E-4954-B930-91FC2D5606CD" comID="2DD75D7A-F155-4B2F-8656-C075671832BB" comLinkType="cltPageLink"/>
    <linkSource sourcePageID="F572292E-05CB-48C4-807B-456FD3019165" comID="B59B159D-9CD0-4F2C-A452-5C81CEE60E31" comLinkType="cltPageLink"/>
    <linkSource sourcePageID="D2F59DCF-A60E-4954-B930-91FC2D5606CD" comID="1BFB2181-2DE0-4125-A1F3-62C8B6CCBFEC" comLinkType="cltPageLink"/>
  </page>
  <page ID="627A7821-8578-4BAD-ADEB-DDF518B97196">
    <linkSource sourcePageID="F61B23BD-D363-4D4B-83A0-E918070F0852" comID="C362478B-1517-4699-90BA-7E6548EE8BA6" comLinkType="cltPageLink"/>
    <linkSource sourcePageID="C948F9B5-A4BF-40A6-8CB8-FA67DDA0476B" comID="6618277B-12C8-4E74-896C-63895E0E7C39" comLinkType="cltPageLink"/>
    <linkSource sourcePageID="A1BFE3FA-BDFB-4429-82A7-5A23636A3A6B" comID="DBA5F988-CFB0-4714-9032-24B87FC412F9" comLinkType="cltPageLink"/>
    <linkSource sourcePageID="D573AE8B-2129-4C64-8C1A-116FA4BC04A9" comID="D236D179-DA69-4B2F-94FF-193B1A822730" comLinkType="cltPageLink"/>
    <linkSource sourcePageID="D573AE8B-2129-4C64-8C1A-116FA4BC04A9" comID="36E2CF47-1AB9-4E6F-9CAD-75653ABF22FD" comLinkType="cltPageLink"/>
    <linkSource sourcePageID="D2F59DCF-A60E-4954-B930-91FC2D5606CD" comID="2DD75D7A-F155-4B2F-8656-C075671832BB" comLinkType="cltPageLink"/>
    <linkSource sourcePageID="F572292E-05CB-48C4-807B-456FD3019165" comID="B59B159D-9CD0-4F2C-A452-5C81CEE60E31" comLinkType="cltPageLink"/>
  </page>
</LinkSources>